{
  "maxdome": {
  "provider_id": 6,
  "name": "Maxdome"
  },
  "netflix": {
    "provider_id": 8,
    "name": "Netflix"
  },
  "amazon_prime": {
    "provider_id": 9,
    "name": "Amazon Prime Video"
  },
  "hulu": {
  "provider_id": 15,
  "name": "Hulu"
  },
  "sky_go": {
    "provider_id": 29,
    "name": "Sky Go"
  },
  "sky_ticket": {
    "provider_id": 30,
    "name": "Sky Ticket"
  },
  "rakuten_tv": {
    "provider_id": 35,
    "name": "Rakuten TV"
  },
  "hoopla": {
    "provider_id": 212,
    "name": "Hoopla"
  },
  "kanopy": {
    "provider_id": 191,
    "name": "Kanopy"
  }
}